{"cameraMode":{"drawMode":0,"name":"Shaded","section":"Shading Mode"},"sceneLighting":true,"audioPlay":false,"sceneViewState":{"showFog":true,"showMaterialUpdate":true,"showSkybox":true,"showFlares":true,"showImageEffects":true,"showParticleSystems":true},"in2DMode":false,"pivot":{"x":-14.720146179199219,"y":5.364797592163086,"z":2.872529983520508},"rotation":{"x":0.18171966075897218,"y":0.7910334467887878,"z":-0.2805403769016266,"w":0.5124041438102722},"size":34.474700927734378,"orthographic":false}